id,status,started,finished,duration_s,exit,tail
EXP-PROP-001-s2024,done,2026-09-22T10:35:35,2026-09-22T10:38:14,159.3,0," },
 ""f1"": {
  ""mean"": 0.7684492069737971,
  ""std"": 0.1126556720340516
 }
}"
EXP-PROP-001-s2026,done,2026-09-22T10:35:35,2026-09-22T10:38:16,161.3,0," },
 ""f1"": {
  ""mean"": 0.8378048609988243,
  ""std"": 0.050870948621858786
 }
}"
EXP-PROP-001-s42,done,2026-09-22T10:35:35,2026-09-22T10:37:13,97.5,0," },
 ""f1"": {
  ""mean"": 0.8127168696936139,
  ""std"": 0.08062056702420703
 }
}"
EXP-PROP-001-s1234,done,2026-09-22T10:35:35,2026-09-22T10:37:33,117.7,0," },
 ""f1"": {
  ""mean"": 0.8419053605100117,
  ""std"": 0.07128754476328972
 }
}"
EXP-PROP-001-s7,done,2026-09-22T10:35:35,2026-09-22T10:37:33,117.4,0," },
 ""f1"": {
  ""mean"": 0.765327380952381,
  ""std"": 0.08858692320786053
 }
}"
EXP-PROP-002-s2024,done,2026-09-22T10:35:35,2026-09-22T10:37:53,137.9,0," },
 ""f1"": {
  ""mean"": 0.7732852527984373,
  ""std"": 0.06474928037971353
 }
}"
EXP-PROP-002-s42,done,2026-09-22T10:35:35,2026-09-22T10:37:30,114.8,0," },
 ""f1"": {
  ""mean"": 0.8412935619591966,
  ""std"": 0.0392127375368943
 }
}"
EXP-PROP-002-s1234,done,2026-09-22T10:35:35,2026-09-22T10:37:41,125.4,0," },
 ""f1"": {
  ""mean"": 0.7728753101736974,
  ""std"": 0.0920913366902526
 }
}"
EXP-PROP-002-s2026,done,2026-09-22T10:37:13,2026-09-22T10:40:38,205.6,0," },
 ""f1"": {
  ""mean"": 0.8405373089023704,
  ""std"": 0.07125995473460313
 }
}"
EXP-PROP-003-s42,done,2026-09-22T10:37:33,2026-09-22T10:38:36,63.0,0," },
 ""f1"": {
  ""mean"": 0.8247535680887921,
  ""std"": 0.082428407648236
 }
}"
EXP-PROP-003-s1234,done,2026-09-22T10:37:33,2026-09-22T10:38:37,64.2,0," },
 ""f1"": {
  ""mean"": 0.8353551835424129,
  ""std"": 0.08529233504216055
 }
}"
EXP-PROP-002-s7,done,2026-09-22T10:37:30,2026-09-22T10:40:09,159.5,0," },
 ""f1"": {
  ""mean"": 0.8736403755886357,
  ""std"": 0.06964267282949686
 }
}"
EXP-PROP-003-s2024,done,2026-09-22T10:37:41,2026-09-22T10:38:35,54.4,0," },
 ""f1"": {
  ""mean"": 0.8425324675324675,
  ""std"": 0.08754621939067539
 }
}"
EXP-PROP-003-s7,done,2026-09-22T10:38:14,2026-09-22T10:39:14,59.5,0," },
 ""f1"": {
  ""mean"": 0.8368245405133937,
  ""std"": 0.06359373881115923
 }
}"
EXP-PROP-003-s2026,done,2026-09-22T10:37:53,2026-09-22T10:39:03,70.2,0," },
 ""f1"": {
  ""mean"": 0.8274863685260403,
  ""std"": 0.06722704414152988
 }
}"
EXP-PROP-004-s42,done,2026-09-22T10:38:16,2026-09-22T10:39:09,52.7,0," },
 ""f1"": {
  ""mean"": 0.8108894728459947,
  ""std"": 0.08106602131398423
 }
}"
EXP-PROP-004-s1234,done,2026-09-22T10:38:35,2026-09-22T10:39:37,62.1,0," },
 ""f1"": {
  ""mean"": 0.832402094030001,
  ""std"": 0.07087029871773275
 }
}"
EXP-PROP-004-s2024,done,2026-09-22T10:38:36,2026-09-22T10:39:35,59.1,0," },
 ""f1"": {
  ""mean"": 0.8193473193473193,
  ""std"": 0.07933545116526616
 }
}"
EXP-PROP-004-s2026,done,2026-09-22T10:38:37,2026-09-22T10:39:32,54.6,0," },
 ""f1"": {
  ""mean"": 0.813092598458452,
  ""std"": 0.08789316341512664
 }
}"
EXP-PROP-004-s7,done,2026-09-22T10:39:03,2026-09-22T10:40:06,63.1,0," },
 ""f1"": {
  ""mean"": 0.8027431207568974,
  ""std"": 0.07616283362379729
 }
}"
EXP-PROP-005-s42,done,2026-09-22T10:39:09,2026-09-22T10:42:01,171.9,0," },
 ""f1"": {
  ""mean"": 0.8293766545739779,
  ""std"": 0.07335130294716818
 }
}"
EXP-PROP-005-s2024,done,2026-09-22T10:39:32,2026-09-22T10:41:57,145.4,0," },
 ""f1"": {
  ""mean"": 0.8152892022457241,
  ""std"": 0.07292509732375524
 }
}"
EXP-PROP-005-s2026,done,2026-09-22T10:39:35,2026-09-22T10:41:59,144.6,0," },
 ""f1"": {
  ""mean"": 0.726238222561752,
  ""std"": 0.17796243882831084
 }
}"
EXP-PROP-005-s1234,done,2026-09-22T10:39:14,2026-09-22T10:41:43,148.8,0," },
 ""f1"": {
  ""mean"": 0.8309082222125701,
  ""std"": 0.08187177250865849
 }
}"
EXP-PROP-005-s7,done,2026-09-22T10:39:37,2026-09-22T10:42:17,160.2,0," },
 ""f1"": {
  ""mean"": 0.8361852727482413,
  ""std"": 0.08200839658314517
 }
}"
EXP-PROP-006-s42,done,2026-09-22T10:40:06,2026-09-22T10:41:58,111.6,0," },
 ""f1"": {
  ""mean"": 0.7594178628389155,
  ""std"": 0.15375075337371413
 }
}"
EXP-PROP-006-s2026,done,2026-09-22T10:41:43,2026-09-22T10:42:48,65.6,0," },
 ""f1"": {
  ""mean"": 0.8422074141165814,
  ""std"": 0.08997398376023101
 }
}"
EXP-PROP-006-s1234,done,2026-09-22T10:40:09,2026-09-22T10:42:27,137.4,0," },
 ""f1"": {
  ""mean"": 0.7836933797909407,
  ""std"": 0.09484574574683793
 }
}"
EXP-PROP-006-s2024,done,2026-09-22T10:40:38,2026-09-22T10:42:33,114.9,0," },
 ""f1"": {
  ""mean"": 0.5547619047619047,
  ""std"": 0.3736426682505826
 }
}"
EXP-PROP-006-s7,done,2026-09-22T10:41:57,2026-09-22T10:43:06,69.4,0," },
 ""f1"": {
  ""mean"": 0.8460479844111558,
  ""std"": 0.06908537568432982
 }
}"
EXP-PROP-007-s42,done,2026-09-07T02:31:30,2026-09-07T02:32:02,31.8,0," },
 ""f1"": {
  ""mean"": 0.8087486157253599,
  ""std"": 0.09277950186989722
 }
}"
EXP-PROP-007-s1234,done,2026-09-07T02:31:34,2026-09-07T02:32:05,31.1,0," },
 ""f1"": {
  ""mean"": 0.8080086580086581,
  ""std"": 0.06459760799414509
 }
}"
EXP-PROP-007-s2026,done,2026-09-07T02:31:37,2026-09-07T02:32:09,31.3,0," },
 ""f1"": {
  ""mean"": 0.7971415839062899,
  ""std"": 0.0663166445594006
 }
}"
EXP-PROP-007-s2024,done,2026-09-07T02:31:37,2026-09-07T02:32:10,33.8,0," },
 ""f1"": {
  ""mean"": 0.7832946186604723,
  ""std"": 0.12082625960482403
 }
}"
EXP-PROP-007-s7,done,2026-09-07T02:32:02,2026-09-07T02:32:28,26.3,0," },
 ""f1"": {
  ""mean"": 0.8053041585519533,
  ""std"": 0.09408037429409914
 }
}"
EXP-PROP-008-s2024,done,2026-09-07T02:32:10,2026-09-07T02:32:38,27.3,0," },
 ""f1"": {
  ""mean"": 0.7492329357299232,
  ""std"": 0.06591002051546738
 }
}"
EXP-PROP-008-s42,done,2026-09-07T02:32:05,2026-09-07T02:32:45,39.9,0," },
 ""f1"": {
  ""mean"": 0.7717058004848703,
  ""std"": 0.038136496572810395
 }
}"
EXP-PROP-008-s1234,done,2026-09-07T02:32:09,2026-09-07T02:32:49,40.0,0," },
 ""f1"": {
  ""mean"": 0.7949399572383444,
  ""std"": 0.03797461476742624
 }
}"
EXP-PROP-008-s2026,done,2026-09-07T02:32:28,2026-09-07T02:33:06,38.5,0," },
 ""f1"": {
  ""mean"": 0.7809452592061288,
  ""std"": 0.04815253183120966
 }
}"
EXP-PROP-008-s7,done,2026-09-07T02:32:38,2026-09-07T02:33:07,29.6,0," },
 ""f1"": {
  ""mean"": 0.7648313492063491,
  ""std"": 0.06832161638733776
 }
}"
EXP-PROP-009-s42,done,2026-09-07T02:32:45,2026-09-07T02:33:09,24.2,0," },
 ""f1"": {
  ""mean"": 0.7949172295123381,
  ""std"": 0.09208540084646871
 }
}"
EXP-PROP-009-s1234,done,2026-09-07T02:32:49,2026-09-07T02:33:18,29.6,0," },
 ""f1"": {
  ""mean"": 0.8192115870738539,
  ""std"": 0.08486106415048071
 }
}"
EXP-PROP-009-s2024,done,2026-09-07T02:33:06,2026-09-07T02:33:30,23.3,0," },
 ""f1"": {
  ""mean"": 0.801959558057119,
  ""std"": 0.08831602664449033
 }
}"
EXP-PROP-009-s2026,done,2026-09-07T02:33:07,2026-09-07T02:33:32,25.2,0," },
 ""f1"": {
  ""mean"": 0.801257882619866,
  ""std"": 0.08924789119863857
 }
}"
EXP-PROP-009-s7,done,2026-09-07T02:33:09,2026-09-07T02:33:33,24.2,0," },
 ""f1"": {
  ""mean"": 0.7927409988385599,
  ""std"": 0.12370634307429096
 }
}"
