subject_id,n_fix,dur_mean,pup_mean,dispersion,n_stim,label
0,1536,281.201171875,1306.201171875,245.354832103007,100.0,0
1,1207,348.38525269262635,987.6462303231151,211.3807836190047,100.0,0
2,1514,268.0482166446499,647.4174372523117,221.6103149431742,100.0,0
3,1571,261.5849777211967,969.1406747294717,252.83497986257376,100.0,0
4,1262,306.8835182250396,1556.811410459588,221.16825582813132,98.0,0
5,1357,273.23360353721444,1916.647015475313,200.3427519887885,100.0,0
6,1300,299.7646153846154,1445.636923076923,215.55147892404642,100.0,0
7,1768,246.74377828054298,2351.2364253393666,243.4672169347162,100.0,0
8,1363,319.8356566397652,1224.626559060895,178.60450304925763,100.0,0
9,1317,308.8807896735004,2181.996962794229,208.34986315575654,100.0,0
11,1521,279.70940170940173,1390.8468113083497,197.19234707878482,100.0,0
12,1900,218.32052631578946,2043.6426315789474,212.09381869278184,100.0,0
13,1196,311.5484949832776,763.1563545150501,160.52258101249035,98.0,0
16,1626,270.65375153751535,1388.590405904059,183.3478160643138,100.0,0
17,1756,241.18507972665148,531.5170842824601,195.1253727800269,100.0,0
19,1139,331.25899912203687,1692.6093064091308,195.5076535897131,99.0,0
20,1504,258.6402925531915,1090.7938829787233,273.68552261280075,95.0,0
21,1636,256.8380195599022,875.0544009779951,189.24360996461343,100.0,0
22,1383,257.9110629067245,2085.996384671005,191.72829965157408,100.0,0
23,1733,235.67397576457012,1615.3618003462204,249.685334605614,100.0,0
24,1855,216.75471698113208,599.3309973045822,205.98468734665886,100.0,0
25,1439,263.2425295343989,987.1160528144545,180.99486782340196,100.0,0
26,1480,278.2628378378378,1016.202027027027,207.8784815999583,97.0,0
28,1258,326.61367249602546,1620.550079491256,189.26694617396114,99.0,0
29,1449,275.8150448585231,1497.6190476190477,176.1055168119061,100.0,0
31,1442,225.2233009708738,984.5776699029126,206.43667770166616,98.0,0
32,1630,250.55828220858896,1000.179754601227,188.21903795340074,100.0,0
33,1394,283.2374461979914,1324.4569583931134,190.0205059449235,100.0,0
34,1630,226.96257668711655,1690.2269938650306,191.96317114246582,100.0,0
35,1170,335.9034188034188,1776.091452991453,184.85898138645362,97.0,0
36,1182,324.4560067681895,793.3485617597293,197.25940410469263,99.0,0
37,1330,300.803007518797,995.0714285714286,214.11258049694237,100.0,0
39,1244,283.65594855305466,1350.427652733119,143.44202612240719,96.0,0
40,1449,264.39820565907524,1519.775017253278,218.2181738519208,100.0,0
41,1561,242.50416399743753,951.7514413837284,206.15983879587108,99.0,0
42,1713,221.84121424401636,2087.8470519556336,161.38235664467408,100.0,0
43,1432,292.1040502793296,1210.0391061452515,190.86906270666367,100.0,0
44,1146,298.3132635253054,1113.2966841186737,173.05215693147565,90.0,0
45,1449,288.2553485162181,2531.03933747412,195.7877948147511,100.0,0
46,1754,231.79133409350058,1703.1197263397949,242.2505450445411,100.0,0
49,1647,222.62112932604737,1322.6921675774136,173.66869560369915,98.0,0
50,1270,286.56220472440947,1739.5740157480316,193.94585516429487,100.0,0
53,1499,278.6671114076051,1204.5970647098065,216.3976680070424,100.0,0
54,1398,264.68884120171674,1319.3340486409156,192.86860248987006,98.0,0
55,1279,267.2157935887412,1400.5379202501954,200.84289740353037,100.0,0
56,1299,284.8806774441878,950.8344880677445,164.67695253818218,99.0,0
57,1794,197.48717948717947,1040.2720178372351,166.2546554450095,99.0,0
59,1801,222.20266518600778,575.9300388672959,167.98025196848658,99.0,0
60,1312,310.0259146341463,766.1798780487804,142.58888305486255,100.0,0
62,1198,302.20784641068445,1708.8196994991654,141.9897171198111,100.0,0
63,1388,279.7680115273775,1246.4610951008644,180.58649563317778,99.0,0
64,1398,239.90057224606582,2935.005722460658,234.9088085359482,96.0,0
65,1157,364.4675885911841,916.8452895419188,208.15226302618473,100.0,0
66,1272,295.00786163522014,1042.9960691823899,199.3778745584717,99.0,0
68,1734,246.30507497116494,1614.1476355247983,189.18403059115118,100.0,0
69,1003,320.9780658025922,1328.9790628115652,176.24942013581392,97.0,0
70,1288,305.0372670807453,1705.8229813664595,161.81299922848677,100.0,0
71,1606,253.8972602739726,1235.4570361145704,181.46687140820717,100.0,0
72,1780,227.58258426966293,1742.5140449438202,256.1634277736664,100.0,0
73,1605,243.18317757009345,1279.9644859813084,196.77287851757546,100.0,0
77,1766,232.24292185730465,1215.5271800679502,200.09530044847972,100.0,0
79,1125,345.72355555555555,1224.7493333333334,244.0163936101518,100.0,0
80,1563,239.1183621241203,1528.1030070377478,270.27634751500665,100.0,0
81,1982,201.9212916246216,1330.3496468213925,225.7124799198515,100.0,0
82,1547,241.21331609566903,1117.2482223658694,200.3042910830064,100.0,0
83,1625,250.65046153846154,1050.091076923077,205.54420518237345,100.0,0
84,1025,309.7258536585366,1086.6829268292684,182.36792766643126,97.0,0
85,1552,241.03608247422682,2172.9413659793813,186.263094166483,100.0,0
86,1635,240.58715596330276,1094.6825688073395,195.40889599946001,100.0,0
87,1825,236.61917808219178,1339.2334246575342,216.37492415772283,100.0,0
88,1275,275.1443137254902,1333.0745098039215,162.16525792100995,98.0,0
89,1480,274.0783783783784,1287.2763513513514,180.6391491534946,100.0,0
90,1046,346.1185468451243,1431.2466539196942,198.96831120788622,97.0,0
91,1304,298.68634969325154,1442.7246932515338,238.91180895480014,100.0,0
94,1276,277.08777429467085,1442.9710031347963,174.40918192903254,100.0,0
95,1693,243.42705256940343,940.441819255759,180.7275057560023,100.0,0
97,1451,268.39283252929016,737.605789110958,229.5171635879409,100.0,0
99,1398,235.84763948497854,1492.1502145922748,184.05491537669735,98.0,0
101,1521,275.3267587113741,1271.558842866535,193.48177737691958,100.0,0
102,1649,259.1127956337174,2068.4420861127956,240.527353976867,100.0,0
203,1268,344.6577287066246,954.4731861198738,153.1312510359966,100.0,1
204,707,488.65346534653463,1458.121640735502,162.62318928003123,94.0,1
205,1306,332.6110260336907,626.9042879019908,177.46203009934194,100.0,1
206,1083,350.14127423822714,638.3739612188366,178.0320255282505,99.0,1
207,980,394.02755102040817,358.7867346938776,147.84527857215303,99.0,1
208,1098,333.1657559198543,1230.2386156648452,155.2099142144794,98.0,1
211,991,456.46720484359236,651.3027245206862,168.81753789466802,100.0,1
212,1090,319.2137614678899,3204.780733944954,108.5231913085862,100.0,1
213,1317,345.3705391040243,391.2703113135915,178.41286735628776,100.0,1
214,1353,267.9150036954915,1191.1308203991132,161.80963526443924,100.0,1
215,1382,312.01953690303907,730.616497829233,140.39814163246956,100.0,1
216,726,320.3333333333333,576.6267217630854,172.4410374340248,63.0,1
217,1277,265.8566953797964,735.7705559906029,166.60554680524987,100.0,1
219,1422,299.07243319268633,402.3333333333333,193.0395249860554,100.0,1
220,1045,331.2488038277512,591.9952153110048,145.44987374926504,100.0,1
221,1466,286.5893587994543,931.8908594815825,179.07340646130535,100.0,1
222,1199,347.1117597998332,927.302752293578,159.7225406170004,99.0,1
223,1446,283.7607192254495,1072.3222683264178,218.13026406627878,99.0,1
226,875,379.1874285714286,530.7382857142857,170.82249745803395,88.0,1
227,739,470.9878213802436,874.998646820027,167.9744515007065,96.0,1
228,1544,284.48445595854923,740.7150259067357,192.1594487140431,100.0,1
229,1607,261.8537647790915,1597.5924082140634,200.9405469727708,100.0,1
230,885,481.7050847457627,357.6406779661017,98.45155327246898,100.0,1
231,1441,265.46564885496184,932.5371269951422,189.48761131542298,100.0,1
232,1392,302.2183908045977,382.5064655172414,125.74577215829756,100.0,1
234,1471,289.343303874915,1154.1339225016995,202.55125868069396,100.0,1
236,955,463.6523560209424,932.8984293193718,151.3034947347669,100.0,1
237,1624,258.8337438423645,1858.271551724138,172.8551813080763,100.0,1
238,1267,310.4222573007103,1597.277821625888,173.2328660018787,98.0,1
239,1512,284.50198412698415,461.0403439153439,226.50852316903854,100.0,1
240,1395,272.51397849462364,597.331182795699,187.3591065210724,99.0,1
241,635,501.6472440944882,2030.5496062992127,136.123971535421,94.0,1
242,986,417.0131845841785,1911.3823529411766,194.66067889075683,99.0,1
244,1175,294.10468085106385,531.8093617021276,188.71199194165268,96.0,1
245,1250,333.1192,877.0048,215.507077240077,100.0,1
246,1440,294.86319444444445,724.7041666666667,115.75406873535442,98.0,1
247,1463,263.4552289815448,2339.15994531784,161.19729720495968,100.0,1
248,1044,340.37931034482756,1056.0909961685825,114.75525059036856,100.0,1
249,1407,292.8564321250888,636.1656005685857,195.61212913887786,100.0,1
250,1066,360.31050656660415,1697.3489681050658,131.81370235588906,100.0,1
251,890,400.40449438202245,1566.5528089887641,133.41508772386814,99.0,1
252,1472,267.6222826086956,2698.5509510869565,179.53936379413645,100.0,1
253,1263,305.4972288202692,1286.5162311955662,217.68339540822234,100.0,1
254,1202,290.53577371048254,750.38768718802,178.28358823946772,100.0,1
255,1253,320.2737430167598,1130.881085395052,167.03219825599115,100.0,1
256,1682,208.18787158145065,859.1765755053508,279.1226679799621,100.0,1
258,1368,301.8669590643275,1097.8062865497077,210.4626520744877,100.0,1
259,968,275.3357438016529,395.13946280991735,178.87923007975434,68.0,1
261,1492,269.9034852546917,1943.0918230563002,185.02539354960436,100.0,1
262,1303,312.5049884881044,2064.8503453568687,193.1000426852998,100.0,1
264,1346,287.1508172362556,618.5118870728083,204.01855587100866,100.0,1
265,754,509.93236074270555,956.0119363395225,197.376060715533,96.0,1
266,1249,296.93995196156925,479.5324259407526,206.63921849815597,100.0,1
267,1208,339.99006622516555,750.6986754966888,189.57471402087387,100.0,1
268,1079,316.4114921223355,1339.4949026876739,184.20617912699706,98.0,1
269,1078,393.6966604823748,680.4962894248608,178.89267510262812,100.0,1
270,1446,239.83195020746888,303.08298755186723,215.7267971051562,98.0,1
271,1337,302.69334330590874,327.20792819745697,216.08078481532215,99.0,1
273,1295,298.5204633204633,876.3351351351351,240.7555979948605,100.0,1
274,1057,357.60643330179755,2369.5638599810786,192.29074763017854,100.0,1
275,1552,271.59149484536084,2625.6423969072166,133.7465281812575,100.0,1
276,1447,224.01313061506565,2533.238424326192,223.0435625782949,100.0,1
278,1051,381.18363463368223,1810.3073263558515,157.64232600596645,95.0,1
279,1430,255.03426573426574,355.19370629370627,202.91783273591858,100.0,1
281,1647,235.7838494231937,909.1857923497267,179.69481147654,100.0,1
282,1258,343.20349761526234,2734.7297297297296,208.05085612549115,100.0,1
283,1304,288.2546012269939,2136.0759202453987,207.78487422118502,99.0,1
284,1373,324.1150764748725,980.2840495265841,170.7309146829211,100.0,1
285,1009,381.3230921704658,1591.9326065411299,186.29465478431487,98.0,1
287,1092,386.16849816849816,502.3452380952381,173.12641099120697,100.0,1
290,1174,271.7819420783646,1998.2887563884158,178.97812707967367,100.0,1
291,801,374.23595505617976,1719.5505617977528,183.2380990653776,100.0,1
292,1291,293.12238574748255,651.2463206816421,217.54165051311915,100.0,1
293,1427,287.0602662929222,358.36720392431675,209.53139891528755,100.0,1
297,1367,306.39136795903437,971.0468178493051,173.3126359000695,96.0,1
298,1439,277.17998610145935,1288.3439888811674,148.59229413767102,100.0,1
299,1492,291.1461126005362,2629.7131367292227,226.21238534852014,100.0,1
301,954,446.0660377358491,382.30817610062894,159.68244705054312,99.0,1
302,1178,337.7147707979627,348.10526315789474,178.2189310388812,100.0,1
303,1380,313.46884057971016,383.16884057971015,183.83354728847291,100.0,1
